ID,y
1,79.456
2,97.56933333333333
3,77.465
4,76.806
5,105.08600000000001
8,97.37233333333333
10,100.321
11,113.31000000000002
12,115.373
14,104.63999999999999
15,114.78600000000002
16,107.26799999999999
17,94.27799999999999
19,100.11399999999999
20,101.14599999999999
21,97.04616666666666
22,115.81599999999999
23,94.27799999999999
26,114.99375
28,97.63366666666667
29,94.27799999999999
33,94.27799999999999
35,96.27349999999998
41,94.27799999999999
42,104.838
43,120.396
45,109.03899999999999
46,96.74949999999998
51,115.174
53,83.25566666666668
55,103.88699999999999
56,96.06007142857143
57,107.30199999999999
58,96.83250000000001
59,104.23500000000001
63,94.818
64,106.125
65,100.74666666666668
69,92.04009523809523
71,95.521
72,107.07728571428572
73,105.37733333333331
76,105.14000000000001
77,102.57599999999998
78,111.18099999999997
82,107.08866666666665
83,100.74666666666668
84,105.16900000000001
85,104.63250000000001
87,102.785
88,94.27799999999999
89,103.00200000000002
91,103.749
93,95.435
94,108.422
95,94.77099999999999
96,105.38200000000002
97,99.43480952380953
98,108.369
99,93.44800000000001
101,104.7096727272727
103,103.00200000000002
104,96.46400000000001
105,101.93199999999999
110,100.979
111,95.694
113,108.04400000000001
114,101.174
115,104.072
117,103.00200000000002
120,92.81533333333333
121,111.16885714285715
122,124.40599999999999
123,102.137
126,95.67599999999999
132,113.00399999999999
135,104.39750000000001
137,94.759
138,97.501
140,94.6605
142,107.68125
144,107.595
148,91.08600000000001
149,115.21525000000001
155,124.71999999999998
156,105.353
157,99.43480952380953
162,110.748
163,94.3385
167,106.54199999999999
172,120.396
179,99.37900000000002
180,110.23599999999999
181,104.39965000000002
182,92.07500000000002
183,103.00200000000002
185,103.00200000000002
187,97.739
188,105.37733333333331
189,118.44300000000003
191,94.43800000000002
192,98.13300000000001
193,105.322
194,90.46400000000001
195,108.598
196,116.98949999999999
198,91.017
199,104.43999999999998
201,100.87999999999998
204,92.06400000000001
205,104.94800000000001
206,103.125
210,105.31350000000002
211,104.7096727272727
216,107.78
219,115.373
220,93.95779999999999
221,98.81800000000001
226,104.39965000000002
227,98.349
228,104.38999999999999
230,102.364
231,99.43480952380953
235,115.81599999999999
236,94.8835
238,109.77855555555554
242,107.963
243,106.11499999999998
244,82.11300000000001
245,104.74399999999999
247,109.19299999999998
248,93.19999999999999
249,96.369
250,112.748
251,94.8835
253,115.81599999999999
254,96.22
256,103.11363636363637
257,89.238
258,96.46199999999999
259,91.392
262,79.671
266,98.87079999999999
267,106.34
272,106.66699999999999
273,103.00200000000002
275,124.48299999999999
276,107.86088888888887
279,92.68216666666667
280,100.74666666666668
283,91.88550000000001
285,104.61099999999999
288,103.00200000000002
289,102.1875
290,100.783
291,103.94599999999998
292,98.8025
293,100.06583333333334
296,121.648
297,106.14500000000001
298,107.13319999999999
299,107.08866666666665
304,99.91100000000002
305,77.542
306,95.645
307,102.75891666666669
311,106.753
313,106.38058333333333
314,96.90933333333332
316,109.05499999999999
324,105.123
327,114.3135
329,99.1255
330,93.581
337,110.34700000000001
338,95.262
339,99.46066666666667
340,97.85700000000001
343,97.21700000000001
345,114.78600000000002
346,102.724
347,105.5035
349,104.87100000000001
350,101.297
352,99.69449999999998
353,106.609
354,86.279
357,103.68400000000001
358,97.696675
362,107.66533333333334
364,105.72940000000001
365,121.08471428571427
366,108.18400000000001
367,136.956
368,97.60249999999999
370,80.28866666666667
373,94.31500000000001
377,94.677
378,99.31566666666667
382,105.14000000000001
384,104.38999999999999
390,97.57833333333333
392,107.31699999999998
393,111.1616111111111
395,101.524
396,101.60600000000001
399,80.02000000000001
406,106.38058333333333
408,106.38058333333333
409,91.19200000000001
410,79.09
412,104.48099999999997
413,91.12849999999999
419,101.05300000000001
420,99.17399999999998
421,93.74100000000001
430,103.08
434,106.25699999999999
436,97.896
437,91.093
438,91.8435
439,104.60499999999999
440,100.07399999999998
443,109.26833333333335
446,95.405
448,101.09366666666668
452,99.72500000000001
453,105.375
457,100.23100000000001
458,111.55499999999999
459,105.43400000000001
460,104.99100000000001
462,100.796
464,104.35799999999999
465,115.373
467,113.22
471,108.314
472,75.825
473,91.10600000000001
475,107.43499999999999
480,92.69900000000001
488,105.91599999999998
490,102.75891666666669
491,104.52299999999998
492,77.908
493,100.224
497,95.63700000000001
498,102.35999999999999
499,91.143
500,97.755
501,108.749
502,108.68199999999999
506,82.19116666666667
510,112.89099999999999
511,98.968
512,105.90255555555557
516,110.761
518,90.801
519,106.71999999999998
521,102.15866666666666
522,110.546875
526,107.976
529,108.205
532,101.978
533,100.489
536,101.20326666666665
537,105.99159999999999
539,105.97733333333333
540,104.72867272727271
541,105.55999999999999
543,113.0166
546,106.696
547,95.39599999999999
548,80.871
551,101.048
552,108.61099999999999
556,110.87400000000002
557,104.84200000000001
558,136.956
559,94.98466666666668
560,107.391
562,104.34700000000001
566,101.09
570,102.35999999999999
571,91.093
572,100.74666666666668
573,103.52199999999998
575,115.373
576,125.701
577,101.258
579,97.122
580,115.49725000000001
581,108.99300000000001
589,102.75891666666669
591,101.918
593,92.16999999999999
594,115.01199999999999
595,110.636
598,104.7895
602,110.06700000000001
604,108.01266666666666
606,102.00699999999999
608,108.18400000000001
609,104.7096727272727
610,107.609
616,106.6075
617,95.31833333333331
618,96.298
620,143.33266666666668
622,103.4915
623,102.0175
624,107.89899999999997
626,109.70300000000002
628,104.58099999999999
629,103.39200000000001
630,102.364
637,107.31800000000001
638,106.601
643,116.756
645,92.69900000000001
646,106.963
648,99.57500000000002
652,95.53999999999998
653,96.76216666666667
654,102.35999999999999
656,107.30999999999999
657,102.44800000000001
659,99.994
660,113.1128
663,115.585
664,91.30533333333335
666,107.58062499999998
668,104.54100000000001
669,102.125
671,106.57399999999998
675,93.70138461538463
677,93.50016666666667
678,106.2755
679,103.877
682,93.53900000000002
685,108.03899999999999
687,96.68699999999998
688,97.589
693,102.39257142857143
696,117.793
698,95.976
701,103.01100000000001
704,109.57879999999997
705,116.396
709,95.15133333333333
710,110.28900000000002
711,108.59100000000001
712,91.543
714,98.17999999999999
715,93.0425
716,102.75891666666669
717,95.8273846153846
720,114.78600000000002
721,94.43800000000002
724,101.58233333333335
725,95.42299999999999
726,94.14750000000001
728,103.44200000000001
731,93.98759999999999
734,109.61599999999999
738,101.70500000000001
745,109.529
746,100.8845
751,78.204
754,96.29600000000002
756,97.36166666666666
758,96.997
759,97.844
761,116.223
766,100.744
767,107.799
768,102.0175
769,98.74
770,110.548
771,77.908
772,108.521
773,102.096
774,103.53099999999999
776,104.38999999999999
777,96.18900000000001
780,120.396
782,104.72867272727271
787,104.354
788,105.97733333333333
792,105.20250000000001
793,105.86800000000001
798,95.71818181818182
800,96.32833333333335
806,102.75891666666669
809,113.58466666666666
811,111.75528571428572
812,107.109
814,115.373
816,106.48200000000001
817,98.40723333333334
818,95.483
820,107.38
823,109.228
829,93.809
830,113.16900000000001
831,94.1945
834,106.36300000000001
839,104.877
841,77.36699999999999
844,104.99389999999998
845,108.303
848,99.91100000000002
850,96.85900000000001
851,105.146
852,94.523
854,103.72550000000001
855,103.352
856,104.27700000000002
859,109.16300000000001
861,103.53099999999999
864,108.657
865,108.13
866,92.40299999999999
867,109.51733333333331
869,91.2285
871,108.13300000000001
872,102.75891666666669
882,101.201
883,106.25699999999999
885,98.72290000000001
888,116.03299999999999
893,99.24199999999999
901,104.30199999999999
903,104.52299999999998
904,92.492
905,109.05000000000003
910,93.38174999999998
911,109.275
914,104.67026666666666
918,99.31314285714284
921,92.86300000000001
928,100.58900000000001
929,106.38400000000001
932,110.532
933,108.848
934,93.38174999999998
935,109.547
937,81.72766666666666
939,107.08866666666665
940,96.521
941,99.37400000000002
942,111.94800000000001
943,96.03400000000002
944,104.23200000000001
947,102.75891666666669
949,102.819
951,99.30600000000001
952,111.84499999999998
953,104.52299999999998
954,83.99100000000001
957,104.22
959,94.377
960,104.172
963,115.373
965,102.75891666666669
967,105.05799999999999
971,99.74500000000002
972,84.68199999999999
973,91.73599999999999
974,108.939
975,103.00750000000001
978,121.58999999999999
980,96.446
981,97.09785714285715
984,104.67026666666666
986,93.38174999999998
988,102.0175
989,106.532
990,104.734
992,104.30199999999999
996,97.966
999,103.421
1000,94.12550000000002
1001,108.13
1002,95.364
1003,104.38999999999999
1004,92.09549999999999
1008,109.394
1009,94.64700000000002
1010,106.18700000000001
1012,112.55199999999999
1013,104.01266249999999
1014,108.50124999999998
1015,102.194
1016,119.21699999999998
1019,109.42999999999999
1020,93.30000000000001
1021,93.38174999999998
1022,105.41499999999999
1024,93.38174999999998
1025,78.46600000000001
1027,95.9255
1028,109.09050000000002
1029,95.64000000000001
1030,104.94223076923076
1033,107.19800000000001
1036,103.60600000000002
1037,103.01499999999999
1038,101.008
1042,107.08866666666665
1043,93.55299999999998
1044,109.2325
1045,106.78999999999999
1047,109.22600000000003
1050,116.78099999999999
1051,100.16725
1054,111.55499999999999
1056,97.09785714285715
1057,106.18799999999999
1059,95.003
1062,111.975
1063,110.38999999999999
1064,97.09785714285715
1066,102.54400000000001
1070,106.91479999999999
1076,105.773
1077,104.73499999999999
1078,112.5961
1080,103.29900000000002
1082,113.796
1083,114.3135
1089,105.51233333333334
1091,116.03299999999999
1093,102.29849999999999
1097,98.963
1099,99.799
1101,93.38174999999998
1103,106.38999999999999
1104,107.551
1106,104.049
1109,99.422
1110,89.449
1111,100.989
1112,116.51100000000001
1114,115.174
1116,94.45599999999999
1117,108.68033333333332
1120,93.886
1124,104.60400000000001
1125,96.69433333333333
1126,112.64500000000001
1134,104.51716666666667
1137,101.256
1138,106.157
1144,104.78236111111111
1145,110.636
1146,96.90933333333332
1148,107.874
1150,92.965
1152,104.99389999999998
1153,103.53099999999999
1154,103.473
1155,105.37733333333331
1157,99.77799999999999
1162,107.08866666666665
1165,103.023
1166,96.60900000000001
1167,106.53299999999999
1168,90.9934
1169,109.16300000000001
1171,115.81599999999999
1172,107.296
1173,109.16300000000001
1174,104.037
1176,97.264
1177,110.277
1178,103.68400000000001
1182,112.5661
1186,92.69900000000001
1187,100.691
1188,96.369
1189,120.396
1191,103.749
1192,109.731
1197,108.36100000000002
1198,111.402
1200,84.29100000000001
1201,117.04150000000001
1203,103.944
1209,115.373
1214,104.60510000000002
1218,118.896
1222,103.73100000000002
1226,99.397
1228,101.12000000000002
1230,110.77500000000002
1232,88.51284615384616
1233,95.86699999999999
1236,112.69372727272726
1238,102.651
1241,104.78236111111111
1244,97.8455
1246,99.19399999999999
1247,96.295
1250,93.705
1251,98.81300000000002
1254,114.53983333333333
1255,107.133
1256,115.10149999999999
1257,100.96900000000001
1258,111.3235
1259,104.0096111111111
1260,97.271125
1263,104.38125
1267,77.54766666666669
1268,103.048
1271,111.09133333333334
1272,99.24199999999999
1274,102.352
1275,107.08866666666665
1276,100.16725
1277,95.777
1279,96.90933333333332
1281,105.077
1282,96.369
1283,105.08
1285,94.388
1286,97.429
1289,106.49300000000001
1296,104.083
1299,92.756
1301,97.966
1306,95.2525
1307,101.97
1308,115.26962499999999
1313,100.16725
1314,100.268
1315,89.449
1316,103.46600000000001
1317,103.24300000000002
1319,107.686
1323,89.655
1324,108.61141666666667
1325,103.545
1328,104.582
1329,96.09799999999998
1330,103.53099999999999
1331,94.52
1332,106.92699999999999
1337,105.87310576923076
1338,112.34299999999999
1339,102.15866666666666
1340,107.08966666666667
1343,118.729
1347,102.69000000000001
1348,98.62500000000001
1349,101.66799999999999
1352,98.36500000000001
1354,109.14200000000001
1359,108.43977777777778
1360,90.78299999999999
1363,102.04
1364,110.7245
1365,136.197
1366,92.14750000000001
1372,93.14112500000002
1375,111.01299999999999
1376,106.292
1378,95.40200000000002
1379,105.64500000000001
1380,93.027
1381,110.064
1384,98.826
1387,97.069
1388,106.99033333333334
1392,84.38199999999999
1394,106.92899999999997
1395,106.03
1396,105.65477777777781
1398,95.41999999999999
1399,105.65477777777781
1400,99.679
1401,113.412
1403,113.87866666666666
1404,97.347
1406,105.65477777777781
1407,113.04400000000001
1408,104.16266666666668
1410,77.41
1412,102.45366666666669
1413,97.3695
1415,93.19999999999999
1420,104.16266666666668
1422,113.37639999999999
1423,112.89499999999998
1424,104.16266666666668
1425,96.458
1426,77.41
1427,105.22
1429,92.21
1430,108.90599999999999
1431,103.43599999999999
1432,99.9738
1434,101.25455
1437,108.84633333333333
1438,139.19899999999998
1440,106.02514285714287
1441,103.80499999999998
1442,106.54249999999999
1444,103.191
1445,94.75699999999999
1446,104.22890000000002
1448,108.74599999999998
1453,103.09274999999998
1454,102.45366666666669
1455,108.56066666666666
1456,97.77400000000003
1458,102.45366666666669
1459,92.993
1461,92.16499999999999
1465,97.069
1466,108.0305
1469,89.51
1472,103.09274999999998
1474,121.678
1477,103.80900000000001
1479,106.96900000000001
1482,107.367
1483,86.87184615384618
1487,93.7955
1488,103.333
1490,105.171
1492,109.274
1494,123.65500000000002
1496,104.131
1497,103.667
1499,101.133
1502,103.09700000000001
1507,100.7522857142857
1508,98.36500000000001
1509,108.449
1511,97.2035
1512,99.25000000000001
1513,121.03119999999998
1514,110.49216666666663
1518,104.97200000000001
1519,91.06933333333333
1522,111.901
1524,84.15
1527,106.54249999999999
1529,94.37400000000001
1532,105.22
1536,115.799
1537,118.46000000000001
1539,105.00913333333332
1542,105.4866
1543,106.292
1544,107.43211111111111
1545,96.385
1550,111.204
1551,103.13400000000001
1554,106.36300000000001
1556,105.24199999999999
1559,99.061
1560,86.082
1562,108.226
1566,89.98533333333333
1567,104.83700000000002
1569,103.023
1570,114.655
1571,110.72685714285714
1574,98.36500000000001
1578,103.02399999999997
1580,96.572
1583,100.63
1584,98.36500000000001
1585,103.499
1586,99.62
1587,104.70700000000002
1588,91.20213333333334
1590,118.03099999999999
1592,98.018
1596,103.84849999999999
1598,109.07216666666667
1599,105.81299999999999
1604,116.86800000000001
1606,100.989
1607,97.3695
1608,112.295
1609,121.14000000000001
1611,90.456
1613,95.724
1616,109.49099999999999
1619,103.521
1620,106.09100000000001
1621,104.745
1622,109.5886
1625,104.4414
1627,121.14000000000001
1629,94.893
1634,95.63550000000001
1636,101.52799999999999
1638,106.16099999999999
1639,101.926
1641,101.252
1643,106.75849999999998
1644,104.9
1645,121.76100000000001
1646,101.439
1647,105.89320000000001
1648,97.10083333333333
1652,96.572
1653,108.99210000000001
1656,110.266
1658,105.81299999999999
1659,91.40200000000002
1661,104.69749999999999
1663,97.3695
1664,127.5777142857143
1665,108.93733333333333
1666,105.24199999999999
1667,100.32500000000002
1668,80.57249999999999
1669,108.93400000000001
1670,111.4
1672,106.638
1674,108.88924999999999
1677,103.333
1678,97.98400000000001
1679,107.364
1680,99.763
1683,105.954
1686,96.85528571428571
1687,112.6374
1689,136.986
1690,97.66000000000001
1691,120.40599999999999
1692,106.676
1693,98.36500000000001
1695,110.898
1696,103.09274999999998
1697,94.693
1700,105.24199999999999
1701,92.23200000000001
1702,103.80499999999999
1703,94.69499999999998
1704,105.60617647058822
1706,99.1378
1707,99.12859999999999
1708,96.68699999999998
1710,93.41799999999999
1711,107.13400000000001
1713,103.548
1717,106.08099999999999
1719,103.02399999999997
1720,110.26500000000001
1722,112.68199999999999
1725,101.11999999999999
1726,97.91099999999999
1727,95.81450000000001
1729,102.755
1730,94.677
1731,110.6585
1733,105.24199999999999
1734,118.3316666666667
1735,113.37639999999999
1738,95.724
1742,96.20899999999999
1745,108.88924999999999
1747,96.90700000000001
1749,92.57600000000001
1751,96.652
1752,82.03
1753,112.85
1754,102.633
1755,107.43499999999999
1756,112.17
1758,108.00999999999999
1759,109.731
1760,100.783
1761,105.498
1762,94.81518181818183
1763,114.33400000000002
1764,104.8474
1766,99.8625
1768,100.58800000000001
1769,77.54766666666669
1771,107.80900000000001
1772,111.774
1773,107.944
1774,93.55399999999999
1775,105.41999999999999
1777,103.30999999999999
1779,109.731
1780,100.74666666666668
1787,95.03766666666665
1788,102.65566666666666
1790,96.00699999999999
1796,103.59
1801,91.529
1803,93.877
1807,104.53600000000002
1809,102.51849999999999
1812,102.203
1813,110.239
1814,113.3862
1815,105.524
1816,95.511
1818,113.36600000000001
1820,103.58399999999999
1821,109.22600000000003
1822,115.974
1825,100.40499999999999
1826,106.54
1828,94.974
1831,104.045
1836,110.76899999999998
1837,107.83250000000001
1841,117.546
1844,103.06599999999999
1848,102.68699999999998
1851,102.95800000000001
1852,108.112
1853,91.38699999999999
1854,107.269
1856,99.21924999999999
1859,102.9625
1860,96.364
1861,79.821
1863,111.0365
1865,99.37400000000002
1866,103.24100000000001
1867,104.627
1868,99.62000000000002
1872,105.02000000000001
1879,113.01899999999998
1880,104.63250000000001
1882,101.32100000000001
1885,104.96866666666668
1887,116.63700000000001
1888,94.53774999999999
1890,115.86449999999999
1894,96.81291666666667
1895,103.62
1896,96.10249999999999
1897,106.83634313725489
1900,111.606
1901,100.96900000000001
1902,105.774
1905,97.0245
1906,102.63199999999999
1912,104.52299999999998
1915,91.287
1916,106.26100000000001
1917,97.076
1918,103.91300000000001
1920,80.893
1923,94.02950000000001
1924,110.824
1925,96.37100000000001
1930,115.81599999999999
1932,106.38058333333333
1933,105.13
1934,114.296
1935,96.236
1940,77.54766666666669
1941,92.857
1942,102.503
1943,94.15200000000002
1944,93.21266666666668
1945,98.174
1948,115.373
1949,97.181
1952,95.739
1954,96.90933333333332
1955,104.38125
1958,99.10912499999999
1959,82.61466666666668
1960,114.33400000000002
1963,97.29400000000001
1965,99.35900000000001
1968,102.602
1969,117.793
1971,99.66883333333334
1972,109.072
1973,96.668
1975,94.53200000000001
1977,106.16
1978,102.386
1979,106.09199999999998
1981,93.77133333333333
1982,103.7642
1987,118.41099999999999
1988,90.08649999999999
1993,103.17699999999999
1997,97.35000000000001
1999,96.018
2001,100.23025
2002,110.80172727272728
2003,99.599
2004,80.55499999999998
2006,106.96700000000001
2007,95.538
2009,99.655
2010,116.939
2013,106.218875
2018,82.85750000000002
2022,105.224
2024,98.52883333333332
2025,100.31300000000002
2026,105.65
2030,101.14599999999999
2031,102.873
2032,104.52299999999998
2033,96.182
2035,94.731
2036,111.42
2037,92.7155
2040,92.68216666666667
2043,99.97299999999998
2044,104.31899999999999
2046,102.38399999999999
2054,110.78850000000003
2055,115.94300000000001
2056,100.74666666666668
2059,97.02683333333331
2060,100.96900000000001
2062,94.133
2063,107.277
2066,96.81291666666667
2067,116.53000000000002
2072,115.24899999999998
2073,106.20700000000002
2074,117.856
2075,109.984
2076,98.20500000000001
2080,107.252
2082,100.96900000000001
2085,108.00999999999999
2087,106.98299999999999
2091,101.7555
2092,101.8645
2093,100.74666666666668
2098,99.889
2101,114.33400000000002
2102,112.93900000000001
2103,77.54766666666669
2105,102.52000000000001
2106,103.52199999999998
2107,106.479
2110,99.72500000000001
2114,97.34599999999999
2115,111.24100000000001
2117,82.19116666666667
2118,103.429
2119,106.34199999999998
2120,100.886
2122,93.317
2123,104.04366666666667
2126,98.713
2127,104.71199999999999
2128,117.76100000000001
2129,104.0
2132,95.12
2135,103.54157272727271
2138,103.36100000000002
2139,115.81599999999999
2141,105.987
2142,105.06133333333335
2146,96.12400000000001
2151,99.00566666666667
2157,109.954
2159,107.21900000000001
2162,105.37733333333331
2164,117.41799999999998
2167,102.319
2168,108.38699999999999
2171,94.126
2173,100.92999999999999
2174,139.581
2175,104.30400000000002
2178,105.37733333333331
2180,100.23025
2185,107.575
2189,93.97999999999999
2190,116.53000000000002
2192,104.74099999999999
2194,108.48672727272726
2200,98.60766666666667
2201,96.3197142857143
2203,103.72175
2204,96.399
2205,119.71933333333337
2209,103.25699999999999
2213,100.0665
2214,107.11999999999998
2215,95.61800000000001
2216,97.75550000000001
2218,96.03800000000001
2219,107.523
2220,92.39850000000001
2222,94.28312500000001
2223,106.745
2225,137.708
2226,97.16199999999999
2230,100.52000000000001
2233,117.0154
2234,107.737
2235,96.399
2236,80.38334615384613
2237,101.59299999999999
2240,111.56672727272728
2241,96.571
2248,137.0741666666667
2249,103.00623076923075
2250,104.46533333333335
2252,104.33
2253,94.252
2254,104.67999999999999
2256,78.31099999999999
2258,116.03799999999998
2259,115.27000000000001
2262,96.81291666666667
2265,105.97733333333333
2266,109.88539999999998
2269,97.877
2271,96.217
2273,98.76212500000001
2274,112.99600000000001
2275,101.74571428571429
2277,108.602
2279,96.399
2280,77.97149999999999
2282,100.23025
2283,94.956
2288,92.0008
2289,106.74299999999998
2291,96.65299999999999
2292,115.80633333333333
2297,96.29
2298,107.48300000000002
2299,96.826
2300,107.94900000000003
2301,91.31724999999997
2304,115.94300000000001
2305,99.40879999999999
2306,96.81291666666667
2308,97.652
2309,101.13633333333334
2311,99.35574999999999
2312,109.61800000000001
2316,103.0
2321,103.97800000000002
2322,104.66
2325,107.204
2326,101.64087500000001
2329,115.80633333333333
2330,111.949
2331,105.59100000000001
2332,119.119
2333,96.81291666666667
2334,101.086
2335,115.10149999999999
2337,107.50200000000002
2338,109.97
2340,119.119
2342,112.024
2345,106.72
2349,98.3516
2351,82.662
2352,96.49199999999999
2354,103.6253611111111
2355,100.89900000000002
2357,137.708
2358,97.557
2360,101.384
2361,103.6253611111111
2364,103.68400000000001
2366,95.67999999999999
2369,96.55900000000001
2370,96.41099999999999
2371,122.70039999999999
2373,97.29833333333332
2374,98.936
2376,104.38999999999999
2378,113.32300000000001
2382,102.91600000000001
2383,94.86599999999999
2386,107.04100000000001
2387,99.852
2389,111.043
2390,95.99518181818182
2392,105.07419999999999
2398,119.119
2399,96.822
2400,113.383
2401,103.69978571428571
2402,111.55499999999999
2404,107.77000000000001
2407,98.35900000000001
2408,102.67966666666666
2409,110.393
2412,81.29066666666668
2413,107.13999999999999
2415,92.779
2420,115.502
2422,99.92699999999999
2423,102.651
2426,95.008
2432,107.76399999999998
2434,92.15249999999999
2435,112.303
2436,93.68100000000001
2438,105.31300000000002
2440,108.66499999999999
2443,96.659
2444,111.875
2447,137.0741666666667
2450,99.93499999999999
2454,109.96700000000001
2455,105.3
2459,96.81291666666667
2460,110.32933333333332
2463,94.01200000000001
2465,94.77833333333334
2468,77.54766666666669
2469,99.599
2474,99.367
2478,106.607
2480,110.857
2481,111.56672727272728
2489,100.23025
2490,101.14599999999999
2492,96.236
2496,96.81291666666667
2497,110.36800000000001
2500,97.42800000000003
2505,92.68216666666667
2507,93.15599999999999
2508,119.71933333333337
2509,95.31833333333331
2510,98.26288888888888
2513,92.559
2515,100.23025
2518,94.86599999999999
2519,97.811
2520,94.86599999999999
2521,102.49999999999997
2523,102.7645
2525,96.048
2529,115.99633333333335
2530,94.61699999999999
2533,106.434
2535,105.601
2538,96.3098
2544,99.18400000000001
2553,115.42099999999998
2556,96.224
2558,94.0495
2559,107.92
2560,101.986
2561,106.59
2562,101.36319999999999
2563,98.029
2564,96.187
2565,121.42939999999999
2567,97.3588
2572,94.147
2575,95.26699999999998
2576,105.99399999999999
2577,100.77699999999999
2578,125.08733333333335
2579,109.9346
2580,102.665
2582,90.3155
2583,90.39800000000001
2587,96.91008333333333
2589,108.30699999999999
2590,111.155
2591,115.99633333333335
2594,91.567
2597,95.87542857142857
2598,103.981
2599,97.242
2600,89.064
2602,103.66199999999999
2603,94.147
2604,105.95600000000002
2606,97.36133333333332
2607,81.96584615384616
2608,115.72939999999998
2613,119.38833333333336
2614,116.12299999999998
2615,108.71599999999998
2617,115.473
2620,94.35
2623,109.30199999999999
2624,101.864
2627,119.38833333333336
2629,81.96584615384616
2630,109.83000000000001
2632,92.80950000000001
2636,94.41838461538461
2639,104.397
2640,108.42519999999999
2642,115.99633333333335
2644,103.52299999999998
2646,102.704
2647,94.373
2649,104.18355555555554
2650,101.4
2652,104.34799999999998
2653,103.29299999999998
2655,101.89899999999999
2657,122.5214
2659,105.65477777777781
2662,96.21316666666667
2663,110.57000000000001
2664,107.16099999999999
2665,101.99799999999999
2670,101.637
2671,104.67975000000001
2672,104.39200000000001
2675,104.34799999999998
2677,107.31500000000001
2679,105.18400000000001
2683,101.77700000000002
2684,94.63600000000001
2685,95.7422
2688,109.11600000000001
2689,93.55199999999999
2690,103.56099999999999
2693,109.06784999999999
2694,104.934
2697,115.054
2699,94.23600000000002
2703,97.311
2705,107.25800000000001
2709,82.061
2710,92.2035
2711,105.86599999999999
2712,106.79599999999998
2713,93.73499999999999
2714,108.23800000000001
2715,91.8045
2717,92.40799999999999
2718,118.28099999999998
2720,101.63033333333333
2721,101.22
2726,92.33500000000001
2728,101.176
2731,98.69800000000001
2732,105.97777777777779
2734,93.3213846153846
2736,102.13219999999998
2737,93.748
2738,105.24099999999999
2739,111.65299999999999
2746,97.63
2749,103.662
2751,121.76100000000001
2752,103.346
2753,103.356
2757,99.97966666666666
2758,93.287
2759,108.58600000000001
2760,105.44000000000001
2762,104.85
2764,96.928
2765,95.602
2769,138.71699999999998
2771,108.65599999999999
2774,98.35350000000001
2776,91.24971794871796
2777,109.18700000000001
2778,99.076
2779,111.374
2782,97.994
2784,101.311
2787,102.35799999999999
2789,96.882
2792,93.438
2798,100.44277777777776
2799,105.72766666666666
2800,99.7775
2801,82.10335294117647
2802,89.808
2804,97.53800000000001
2807,136.197
2808,97.763
2809,106.66
2811,120.74519999999998
2812,96.719
2814,92.79400000000001
2816,101.037
2817,109.52533333333334
2818,97.78116666666666
2820,97.151
2821,83.022
2822,96.21700000000001
2823,111.49209999999998
2824,101.21900000000001
2826,116.44066666666667
2829,99.076
2834,107.31999999999998
2835,80.28
2838,106.626
2839,103.681
2840,117.31000000000002
2841,102.105
2842,97.26166666666667
2846,116.92411111111112
2848,92.531
2849,97.652
2850,108.23800000000001
2851,104.953
2853,100.416
2854,115.99633333333335
2858,103.99300000000001
2861,97.333
2864,97.72766666666668
2865,110.57000000000001
2866,106.157
2867,105.62800000000001
2868,110.13050000000001
2870,112.175
2877,104.67000000000003
2878,119.38833333333336
2880,102.91099999999999
2882,77.68620000000001
2883,98.79566666666668
2884,105.151
2885,104.824
2887,99.537
2888,106.67999999999999
2889,100.9635
2890,103.69328571428574
2891,95.872
2892,120.00699999999999
2893,98.49
2898,111.28000000000002
2899,95.41799999999999
2900,95.15299999999998
2901,92.348
2909,92.319
2910,95.92850000000001
2911,101.667
2913,106.17699999999999
2914,105.7675
2918,110.8854
2919,109.12700000000002
2920,92.263
2921,119.38833333333336
2922,92.3684
2923,107.506
2925,107.112
2926,102.665
2927,119.771
2929,104.97200000000001
2933,97.82600000000001
2934,110.349
2936,94.76299999999999
2941,112.20049999999999
2942,91.7655
2943,119.324
2945,102.981
2950,96.23900000000002
2951,109.00900000000001
2953,108.745
2954,95.74499999999999
2955,104.96100000000001
2956,102.96300000000001
2960,99.58099999999999
2962,111.10499999999999
2963,99.65
2964,104.48490000000001
2966,78.50899999999999
2967,100.97799999999998
2968,112.0868
2969,98.602
2971,100.965
2972,93.196
2974,104.35999999999999
2975,108.51849999999999
2977,124.01766666666667
2980,116.103
2981,94.54172727272729
2983,102.85
2984,105.52799999999999
2985,112.41933333333334
2986,114.92225
2987,93.196
2989,91.754
2990,107.43800000000002
2991,103.27250000000001
2992,77.41
2995,112.596
2996,103.19700000000003
3002,117.76100000000001
3004,110.53
3005,119.74933333333334
3006,93.648
3010,98.4205
3011,101.003
3014,102.648
3015,103.249
3016,109.62033333333333
3017,104.6695
3018,99.49666666666668
3021,100.289
3024,103.981
3028,104.35488888888888
3030,99.061
3032,99.028
3039,95.39549999999997
3040,102.638
3041,107.03
3043,105.16324999999999
3044,99.73283333333333
3046,108.99100000000001
3055,111.418
3056,101.486
3058,96.39099999999999
3059,112.22999999999999
3061,116.002
3063,104.3615
3066,105.4132307692308
3067,103.981
3068,78.7182
3069,100.92500000000001
3072,120.474
3073,105.60149999999999
3074,96.082
3077,94.94400000000002
3082,103.05799999999999
3084,112.596
3085,106.175
3088,103.35299999999998
3091,100.44733333333333
3092,106.50399999999999
3093,93.857
3094,98.69800000000001
3096,114.61125
3097,94.396
3098,76.8962
3102,122.9292
3106,95.35
3109,90.14366666666666
3111,89.655
3112,119.74933333333334
3113,103.65600000000002
3115,115.72939999999998
3116,105.36499999999998
3117,92.00866666666667
3121,105.46471428571428
3122,116.49399999999999
3123,97.993
3124,103.34099999999998
3125,109.62033333333333
3126,93.48400000000001
3127,123.013
3129,96.327
3130,110.92825
3132,106.5565
3134,108.24499999999998
3135,95.32477777777777
3137,79.46199999999999
3138,103.68500000000002
3140,104.48700000000001
3144,105.3516
3145,110.55
3146,108.71599999999998
3147,100.52872727272727
3148,112.40300000000002
3149,104.846
3150,114.848
3151,90.898
3152,103.511
3155,92.75
3156,108.79099999999998
3159,92.39000000000001
3161,94.02799999999999
3162,101.97599999999998
3163,96.643
3165,106.08
3172,92.876
3173,107.578
3176,107.1059142857143
3177,105.61599999999999
3179,108.51849999999999
3183,118.64747619047618
3186,98.13799999999999
3187,96.97
3189,109.13399999999999
3190,94.357
3192,123.013
3193,92.876
3194,109.12100000000001
3197,108.38700000000001
3198,101.48600000000002
3200,100.47
3201,116.76499999999999
3202,101.48600000000002
3204,97.18866666666666
3205,90.47900000000001
3206,104.00033333333332
3208,102.158
3210,105.39699999999998
3211,103.449
3212,116.002
3213,97.91900000000001
3214,112.46700000000001
3216,102.94028571428574
3219,97.766
3220,105.732
3221,103.65600000000002
3226,110.49599999999998
3227,92.666
3228,109.301
3229,101.934
3232,77.41
3233,96.867
3234,100.93699999999998
3236,101.76883333333333
3238,118.80300000000003
3239,99.046
3240,91.352
3247,100.816
3249,106.1645
3252,95.125
3253,97.23899999999999
3254,137.05599999999998
3255,100.182
3256,107.82266666666666
3257,94.43038461538463
3262,94.3415
3263,104.34799999999998
3264,102.96300000000001
3266,96.76
3267,101.352
3269,96.65048076923077
3272,112.41933333333334
3274,108.38700000000001
3275,102.68199999999999
3277,101.663
3279,93.751
3280,105.40300000000002
3283,99.71712500000001
3285,98.16499999999999
3287,105.7325
3288,103.981
3290,109.86699999999999
3291,99.29833333333332
3298,101.56299999999999
3299,102.76100000000001
3302,98.68475000000002
3303,97.261
3304,108.32700000000003
3307,105.213
3309,93.464
3314,81.217
3316,106.57300000000001
3317,92.14599999999999
3319,101.083
3320,109.86800000000001
3321,93.57963333333333
3322,105.00899999999997
3324,93.39000000000001
3326,107.4295
3329,99.6
3330,95.25300000000001
3331,107.57400000000003
3335,120.638
3337,101.09599999999999
3338,106.67699999999999
3339,100.03899999999999
3340,126.0691
3341,97.19919999999999
3343,108.179
3346,114.91099999999999
3348,93.751
3351,104.72867272727271
3352,116.73800000000001
3355,103.56883333333334
3356,102.61316666666667
3358,105.14599999999999
3359,108.112
3360,108.95
3371,112.63733333333334
3372,101.47966666666667
3374,101.814
3377,109.62100000000001
3378,92.153
3380,106.87275000000002
3382,96.861
3386,101.07200000000002
3389,108.53825000000002
3391,104.902
3393,105.43366666666668
3394,102.748
3395,95.26700000000001
3397,119.71933333333337
3398,99.322
3399,83.61000000000003
3400,98.963
3404,107.454
3407,109.138
3409,105.91300000000001
3419,100.694
3421,98.87899999999999
3425,93.197
3427,106.38666666666666
3428,115.80633333333333
3429,113.88300000000001
3431,105.14199999999998
3435,112.42
3436,114.9355
3439,95.434
3441,96.393
3442,115.80633333333333
3443,93.79450000000001
3444,102.41900000000001
3445,94.81899999999999
3446,100.98700000000001
3449,100.96900000000001
3453,94.737
3457,100.86
3460,99.94000000000001
3461,105.175
3462,105.907
3464,103.978
3465,78.1455
3466,91.01733333333333
3467,106.876
3468,103.82000000000001
3469,141.87116666666662
3470,106.793
3472,119.84200000000001
3473,90.77699999999999
3475,101.512
3476,105.694
3478,108.89500000000002
3479,105.60800000000002
3483,97.082
3484,107.646
3485,93.7785
3487,103.85799999999999
3488,111.22999999999998
3496,103.804
3497,105.15
3499,102.362
3500,78.17799999999998
3501,96.17099999999999
3504,95.63600000000001
3508,100.74666666666668
3511,109.58712499999999
3512,109.33599999999998
3515,97.789
3517,93.70700000000001
3518,97.0597142857143
3526,102.09599999999999
3528,109.26799999999999
3529,95.96399999999998
3530,103.15500000000002
3531,100.696
3532,102.40733333333336
3533,92.078
3534,101.45050000000002
3535,78.62100000000001
3536,98.67999999999999
3537,104.33599999999998
3538,105.28666666666666
3539,96.885
3540,97.7383846153846
3545,110.97999999999999
3546,94.31233333333333
3550,108.38499999999999
3551,101.2075
3553,103.151
3554,99.94000000000001
3557,101.59299999999999
3558,110.854
3559,100.96900000000001
3561,101.328
3562,119.71933333333337
3563,94.36273333333334
3564,104.72867272727271
3565,94.81899999999999
3567,109.66999999999999
3571,104.72867272727271
3572,96.12049999999998
3574,93.025
3576,102.251
3577,110.77066666666667
3578,94.08699999999999
3579,102.26500000000001
3583,102.26750000000001
3585,98.91799999999999
3586,102.217
3587,103.59
3593,100.195
3594,116.50899999999999
3595,96.10249999999999
3599,96.68699999999998
3600,134.951
3601,119.84200000000001
3602,100.96900000000001
3604,102.412
3609,117.106
3610,111.22900000000001
3612,97.48750000000001
3614,106.23700000000001
3615,102.45
3617,91.91399999999999
3618,101.953
3619,102.99500000000003
3620,104.91000000000001
3621,102.352
3625,109.901
3626,101.20599999999999
3630,103.904
3631,109.40799999999999
3632,102.804
3633,97.51600000000002
3634,106.34
3637,99.45599999999999
3639,101.244
3640,104.06499999999998
3641,101.83200000000001
3644,103.36816666666668
3645,101.74100000000001
3646,91.665
3647,95.72200000000001
3648,119.773
3653,111.30910000000002
3654,112.03100000000002
3655,118.13399999999999
3659,96.241
3660,96.691
3662,105.199
3666,101.864
3668,97.2347
3671,93.66799999999998
3673,94.224
3674,102.83399999999999
3675,90.21138461538462
3681,97.199
3682,111.94000000000001
3686,103.048
3687,91.607
3692,76.39525
3695,103.386
3696,99.87100000000001
3699,109.665
3705,112.316
3707,77.54766666666669
3708,96.16600000000001
3709,103.59200000000001
3710,101.32100000000001
3712,107.138
3715,105.603
3716,104.54900000000002
3720,110.47028571428571
3722,77.54766666666669
3726,97.65299999999999
3728,91.43200000000002
3729,108.06350000000002
3731,101.427
3735,98.392
3736,99.61366666666667
3739,104.33800000000001
3741,105.95400000000002
3743,97.714
3744,96.00699999999999
3745,105.55194444444444
3746,101.343
3751,92.1
3753,120.737
3760,105.607
3761,90.99499999999998
3762,113.34699999999998
3763,102.317
3765,96.1798
3768,103.362
3769,106.21000000000001
3770,104.76400000000001
3773,103.822
3774,107.15400000000002
3776,101.33983333333333
3778,96.88880000000002
3779,112.35
3780,97.94999999999999
3781,105.53525000000002
3782,95.536
3783,116.60100000000003
3784,96.05699999999999
3786,97.65299999999999
3789,111.63799999999999
3790,100.18299999999999
3793,109.604
3795,104.476
3797,101.69999999999999
3798,115.80633333333333
3800,114.9355
3804,104.444
3810,91.1105
3815,109.75900000000001
3816,104.444
3818,109.202
3824,119.84200000000001
3828,100.924625
3830,100.623
3831,93.47900000000001
3832,82.03
3834,112.11800000000001
3835,95.153
3836,99.09213333333332
3838,100.23025
3839,115.373
3840,99.965
3845,101.767
3846,106.38058333333333
3847,93.70700000000001
3849,78.75049999999999
3853,105.46000000000001
3855,100.74666666666668
3856,99.579375
3864,77.8914
3865,106.70272222222222
3866,110.80499999999999
3867,89.444
3868,114.9355
3869,93.17999999999999
3871,99.343
3875,107.56000000000002
3876,92.77000000000001
3878,99.93300000000002
3879,103.99300000000001
3881,114.9355
3883,98.40299999999999
3884,97.1695
3886,110.73299999999999
3890,93.72200000000001
3893,109.73499999999999
3897,107.14866666666667
3901,107.747
3902,114.33400000000002
3913,112.46202777777778
3914,95.19138461538462
3916,91.25666666666666
3917,103.316
3924,103.152
3925,95.351
3928,95.18200000000002
3929,106.179
3932,114.201
3933,99.94000000000001
3934,75.49
3935,96.236
3936,112.12333333333333
3937,106.38058333333333
3938,101.047
3939,99.09213333333332
3943,102.465
3944,119.84200000000001
3945,106.679
3946,94.80833333333334
3947,110.63499999999999
3948,92.64238461538461
3949,119.44200000000001
3950,102.72200000000001
3951,109.785
3952,105.907
3953,108.151
3961,105.33099999999999
3962,102.99600000000001
3966,101.77950000000001
3967,102.39500000000001
3968,94.207
3969,113.936
3970,103.352
3971,101.14599999999999
3973,95.48700000000001
3974,122.57400000000003
3975,104.506
3977,111.81899999999999
3979,91.614
3985,96.136
3986,109.45309999999999
3988,96.96246666666666
3991,95.59100000000001
3992,141.783
3993,104.12049999999999
3994,113.43299999999999
3995,103.31700000000001
4005,105.06699999999998
4007,99.92099999999999
4008,103.30199999999999
4009,100.837
4010,111.69520000000003
4011,78.763
4012,91.549
4013,102.95800000000001
4015,99.845
4016,102.25807142857143
4018,113.5545
4025,112.54233333333332
4026,116.25699999999999
4028,103.5915
4029,103.36200000000001
4031,94.30200000000002
4032,106.63899999999998
4033,103.13199999999999
4034,106.58100000000002
4037,95.7674
4038,91.599
4039,109.18800000000002
4041,97.003
4042,107.50399999999998
4043,102.0917
4044,99.94000000000001
4045,109.16766666666668
4046,106.84700000000001
4047,96.302
4048,105.22999999999999
4049,109.20700000000002
4051,98.46499999999999
4052,123.76800000000003
4058,99.94000000000001
4062,109.64199999999998
4064,101.19300000000001
4067,102.27650000000001
4068,77.8115
4070,92.905
4072,112.494
4074,110.7855
4075,107.2645
4076,105.78477777777778
4077,99.16
4078,104.641
4080,99.94000000000001
4082,106.763
4085,95.488
4086,108.86500000000001
4088,116.25699999999999
4089,108.90599999999999
4092,78.08699999999999
4094,91.29533333333333
4095,109.15000000000002
4096,98.95500000000001
4097,104.79866666666666
4102,101.91999999999999
4105,101.312
4107,99.664
4111,89.9115
4112,105.69500000000001
4113,103.49641666666666
4114,101.978
4115,113.83500000000001
4116,116.655
4117,114.23100000000002
4118,94.964
4119,106.85200000000002
4120,102.78
4122,84.53600000000002
4125,97.982
4126,103.49000000000001
4129,104.38999999999999
4134,103.22274999999999
4137,99.133
4141,104.89125000000001
4142,96.36699999999999
4144,100.23025
4145,103.152
4146,104.44599999999998
4150,102.84100000000001
4151,76.512
4154,102.27650000000001
4156,103.96900000000001
4157,101.46400000000001
4159,102.25807142857143
4160,92.20766666666665
4161,112.35
4168,93.94800000000001
4171,108.474
4172,100.57916666666667
4173,102.11700000000002
4175,98.22999999999999
4176,99.94000000000001
4177,100.23025
4178,92.97866666666665
4179,103.054
4181,109.03725000000001
4183,103.36200000000001
4184,111.3835
4185,92.4705
4186,109.38899999999998
4188,103.90299999999999
4190,117.46700000000001
4192,95.6585
4193,111.28699999999999
4194,117.33099999999999
4195,108.28466666666668
4196,82.03
4202,104.00066666666669
4203,104.98200000000001
4208,100.09500000000001
4209,94.951
4210,96.00075
4211,99.94066666666667
4212,115.80633333333333
4214,108.89500000000002
4215,99.474
4216,96.97983333333333
4217,97.565125
4219,101.158
4222,106.38058333333333
4224,79.56300000000002
4231,109.58400000000002
4232,103.36200000000001
4234,89.791
4236,100.23025
4237,104.72867272727271
4240,105.30249999999998
4242,108.13049999999998
4243,94.035
4247,109.96300000000001
4248,106.859
4249,93.941
4254,98.39999999999999
4263,100.31200000000001
4265,110.03600000000002
4267,105.016
4268,102.93799999999999
4271,141.91699999999997
4272,99.37400000000002
4273,107.64460000000001
4274,91.42099999999999
4276,107.064
4278,105.97733333333333
4280,110.454
4281,107.881
4283,103.27450000000002
4284,105.89124999999999
4285,96.469
4286,103.74600000000001
4287,98.391
4288,107.15300000000002
4289,118.72675
4290,83.44900000000003
4293,93.10566666666666
4296,106.325
4297,91.223
4299,100.50899999999999
4303,114.09824999999998
4310,93.10100000000001
4312,107.81700000000001
4318,104.72867272727271
4320,111.73180000000002
4322,98.77166666666668
4323,104.99100000000001
4325,109.821
4326,105.62
4328,103.59299999999999
4330,106.36100000000002
4332,99.98299999999999
4333,117.71040000000002
4335,93.423
4336,97.94700000000002
4338,104.671
4341,92.96900000000001
4342,107.5568
4344,99.94000000000001
4347,100.64433333333332
4348,103.54157272727271
4351,109.64500000000001
4352,102.917
4353,107.33999999999999
4355,101.44399999999999
4356,95.488
4359,104.91399999999999
4360,103.75219999999999
4361,95.56299999999999
4364,102.50425000000003
4365,136.63299999999998
4368,95.54350000000001
4372,98.53483333333334
4374,94.206
4376,95.40799999999999
4377,105.06099999999999
4380,96.00399999999999
4383,100.40500000000002
4384,105.97733333333333
4385,106.55349999999999
4389,110.851
4391,100.888
4392,109.321
4393,95.209
4395,104.80499999999999
4396,119.71933333333337
4398,105.03
4399,107.673
4401,95.32933333333332
4406,104.19899999999998
4408,105.56000000000002
4412,103.54157272727271
4415,103.86699999999999
4418,110.58200000000002
4419,94.206
4420,79.8115
4422,119.84200000000001
4423,94.206
4425,100.862
4428,106.95599999999999
4431,111.201
4434,113.03900000000002
4436,100.57533333333335
4437,102.70900000000002
4439,115.373
4440,99.53026666666668
4441,104.3052142857143
4444,90.4756
4445,108.89500000000002
4446,105.14000000000001
4447,101.07699999999998
4452,106.175
4456,105.247
4457,94.81899999999999
4458,104.88600000000001
4460,95.488
4461,112.157
4462,94.74166666666667
4465,110.499
4466,97.747
4468,104.02799999999999
4469,105.223
4472,110.66074999999998
4475,94.72600000000001
4478,95.173
4479,108.175
4480,105.628
4483,80.55699999999999
4484,101.53200000000001
4485,110.147
4486,103.352
4488,105.89099999999999
4489,108.232
4490,94.112
4491,103.23174999999999
4492,98.40723333333334
4493,101.412
4494,113.506
4495,98.903
4498,78.1445
4499,93.40770833333332
4500,102.081
4503,101.994
4505,113.01500000000001
4506,106.854
4507,98.65358333333333
4508,104.72867272727271
4510,103.023
4511,91.38550000000001
4513,106.23600000000002
4516,78.75899999999999
4519,94.275
4521,95.132
4531,104.71600000000001
4532,81.7445
4533,99.318
4534,104.298
4536,104.72867272727271
4537,94.81899999999999
4539,96.63300000000001
4542,103.51199999999999
4545,95.219
4549,96.9995
4551,103.71600000000001
4554,98.997
4556,105.52199999999998
4559,98.99400000000001
4561,99.061
4562,99.08116666666668
4566,113.80917647058826
4569,101.01066666666665
4570,119.71933333333337
4573,104.85400000000001
4574,111.13200000000002
4575,100.965
4577,109.042
4578,106.38058333333333
4580,97.50849999999998
4582,98.569
4583,119.84200000000001
4585,92.77
4587,104.72867272727271
4595,103.32025000000002
4596,110.60533333333333
4601,101.20866666666667
4602,109.085
4603,97.93199999999999
4605,100.512
4606,92.566
4607,109.88449999999997
4608,105.099
4610,98.648
4613,103.28099999999999
4617,93.2915
4618,104.38125
4619,96.22549999999998
4620,90.1345
4622,105.59200000000001
4625,95.488
4626,104.72867272727271
4627,95.718
4629,83.458
4631,92.1
4633,104.72867272727271
4634,106.668
4635,107.61699999999999
4639,99.386
4640,104.171
4642,105.58399999999999
4644,102.29400000000001
4646,104.72867272727271
4647,91.487
4648,79.14766666666665
4649,102.04266666666668
4650,95.16
4655,96.9995
4660,91.80600000000001
4661,105.01499999999999
4662,94.56566666666667
4663,101.021
4665,96.72799999999998
4666,108.25400000000002
4667,105.58399999999999
4668,103.444
4670,93.01399999999998
4671,116.29800000000003
4672,103.28200000000001
4673,104.74099999999999
4675,107.897
4676,90.87772727272728
4677,115.65599999999999
4680,100.9145
4682,99.47100000000002
4683,104.0595
4685,103.54157272727271
4686,100.48600000000002
4688,116.60100000000003
4690,108.08575
4692,105.3925
4693,94.26833333333335
4697,96.9995
4700,99.2095
4702,95.1285
4707,119.21699999999998
4708,95.488
4710,78.88066666666666
4716,98.06706666666665
4717,103.5325
4718,117.64699999999998
4720,109.12480000000001
4721,78.478
4723,102.4043846153846
4726,104.856
4727,91.598
4729,111.74300000000001
4731,103.34400000000001
4732,104.88199999999999
4735,99.458
4736,108.37400000000002
4737,97.93199999999999
4738,113.06500000000001
4739,104.25602777777779
4744,109.05000000000003
4747,117.325
4749,107.61599999999999
4750,95.488
4752,119.84200000000001
4755,93.346
4756,91.86600000000001
4757,102.482
4758,98.00800000000001
4759,101.018
4763,103.5325
4764,101.3
4765,106.15599999999999
4766,93.027
4767,103.553
4769,103.471
4770,102.33200000000001
4771,77.977
4772,104.72867272727271
4774,117.33099999999999
4776,111.26350000000002
4777,104.41499999999999
4778,103.88199999999999
4780,98.713
4784,94.78
4786,94.82200000000002
4787,77.949
4788,104.3365
4789,119.84200000000001
4791,138.86499999999998
4792,101.11549999999998
4795,103.98700000000001
4796,110.63366666666666
4803,110.391
4805,101.75325000000001
4807,100.43766666666667
4809,97.13833333333335
4816,113.88700000000001
4817,80.87899999999999
4818,93.31299999999999
4820,108.303
4821,101.069
4823,105.79100000000001
4824,93.54
4825,102.953
4829,100.19138095238095
4830,104.00066666666669
4831,107.641
4833,105.10600000000002
4836,95.17438461538462
4837,116.60100000000003
4838,90.102
4840,99.06066666666668
4841,78.306
4842,103.34400000000001
4843,105.72800000000002
4844,116.146
4849,103.981
4851,109.136
4852,102.116
4858,93.159
4860,104.00066666666669
4863,98.48500000000001
4864,102.518
4865,120.89500000000001
4867,110.401
4868,92.092
4869,109.41400000000002
4873,95.7165
4875,101.3601
4876,112.995
4877,94.71600000000001
4878,103.6253611111111
4880,82.056
4886,112.88999999999999
4888,110.23366666666666
4889,96.50466666666668
4890,98.53987500000001
4893,109.65
4895,92.098
4896,109.45867272727271
4899,91.05999999999999
4901,108.15799999999999
4902,108.47999999999999
4903,97.257
4904,119.84200000000001
4910,96.232
4912,102.8945
4915,101.64399999999999
4916,101.068
4917,94.36749999999999
4920,104.72867272727271
4927,105.526
4928,96.81500000000001
4931,106.758
4934,96.13300000000001
4936,115.223
4939,110.65925000000001
4942,96.53
4943,104.444
4944,111.45299999999997
4945,94.788
4947,99.19864999999999
4948,123.44366666666667
4951,104.85400000000001
4952,119.84200000000001
4953,117.0148
4956,97.257
4957,105.53799999999998
4958,109.902
4960,105.77850000000001
4968,95.2355
4969,110.05
4971,102.19200000000001
4973,117.62899999999999
4975,104.93026666666667
4976,98.14700000000002
4978,96.24000000000001
4979,108.715
4982,95.511
4983,101.201
4984,101.691
4985,112.157
4986,93.05199999999999
4987,105.33099999999999
4988,90.4756
4994,97.213
4995,109.422
5002,78.03999999999999
5004,105.68200000000002
5005,107.82300000000001
5006,100.23025
5007,109.18200000000002
5009,106.20700000000002
5011,117.62899999999999
5014,103.36100000000002
5015,107.147
5018,96.67100000000002
5019,104.94800000000001
5020,97.721
5021,101.073
5022,98.07900000000001
5023,93.7821
5025,104.253
5032,102.17200000000001
5034,103.73800000000001
5036,94.671
5038,99.366
5039,111.131
5046,111.12974999999999
5049,104.94800000000001
5051,96.58885714285715
5052,106.25600000000001
5053,117.33099999999999
5054,107.15400000000002
5055,95.722
5057,94.81899999999999
5059,107.53
5062,105.25699999999999
5063,98.21000000000001
5065,111.66
5069,103.93300000000002
5071,98.808
5074,102.57250000000002
5075,107.59
5076,107.0848
5077,77.8115
5079,103.16
5080,93.13550000000001
5081,119.43300000000004
5083,104.304
5088,123.92199999999998
5089,101.78000000000002
5093,106.93800000000002
5094,104.24250000000002
5095,99.553
5099,106.43700000000001
5101,105.56899999999999
5103,103.048
5104,98.17099999999999
5105,105.64200000000001
5107,92.04749999999999
5108,98.64
5109,99.23299999999999
5111,98.59933333333333
5112,104.78236111111111
5113,105.38100000000001
5114,108.88900000000001
5115,92.20766666666665
5118,94.52000000000001
5122,107.15400000000002
5123,78.17584615384615
5125,100.626
5127,110.51999999999998
5128,98.36000000000001
5129,112.93119999999999
5132,100.23025
5134,114.16900000000001
5135,100.274
5137,104.43799999999999
5142,101.131
5143,97.298
5144,108.76050000000001
5148,101.816
5149,109.02000000000001
5150,103.152
5154,78.1455
5155,105.285
5159,105.43999999999998
5164,95.692
5165,98.84716666666668
5166,94.664
5167,98.81249999999999
5169,94.924
5171,96.42699999999999
5172,102.98300000000002
5176,99.83088461538463
5184,110.75399999999999
5185,104.50100000000002
5186,113.487
5188,103.51799999999999
5189,111.292
5190,103.21099999999998
5191,98.84716666666668
5193,104.38999999999999
5196,94.04699999999998
5199,80.16866666666667
5200,109.70800000000001
5203,95.212
5204,114.33400000000002
5205,96.879
5207,96.324
5208,110.032
5212,102.862
5214,96.34548076923078
5218,92.60900000000001
5220,106.441
5222,95.561
5224,97.203
5225,104.72867272727271
5227,114.40256666666667
5229,108.521
5232,94.678
5233,116.45475000000002
5234,127.04400000000001
5237,119.71933333333337
5239,108.93049999999998
5240,95.2635
5241,104.94800000000001
5244,100.5515
5248,110.75600000000001
5251,96.84400000000002
5253,94.896
5255,101.26173076923075
5256,105.43000000000002
5257,94.45145833333333
5259,94.2714
5260,100.732
5266,102.86300000000001
5268,99.08300000000001
5275,119.43300000000004
5276,107.47
5277,97.60999999999999
5279,103.963
5280,107.56000000000002
5281,96.09799999999998
5283,107.155
5284,77.54766666666669
5285,109.422
5286,93.02700000000002
5287,100.209
5289,95.98338461538461
5290,104.38999999999999
5292,97.98800000000001
5293,91.94550000000001
5294,91.92850000000001
5297,105.90255555555557
5299,100.41000000000001
5302,109.24600000000001
5305,77.891
5306,111.4
5308,92.297
5309,93.37905128205128
5310,101.02199999999999
5312,106.076
5316,107.91299999999998
5317,92.38300000000001
5319,79.27499999999999
5320,104.253
5323,95.929
5329,106.78133333333332
5331,104.60525
5334,107.124
5336,108.939
5338,109.24144444444444
5341,103.80799999999999
5345,108.431
5348,96.701
5349,91.616
5355,110.21599999999998
5356,98.86616666666667
5360,106.31400000000001
5362,100.59
5364,103.12950000000001
5366,108.1685
5367,103.226
5368,98.12299999999999
5370,98.649
5371,80.04650000000001
5373,108.324
5375,119.71933333333337
5376,96.059
5378,101.8065
5379,107.29999999999998
5383,103.26899999999998
5384,109.346
5389,111.63400000000001
5391,85.332
5393,97.49100000000001
5395,99.80366666666667
5397,105.39900000000003
5398,101.544
5399,105.68299999999999
5401,116.223
5402,97.79799999999999
5403,102.60900000000001
5404,111.50900000000001
5407,82.03
5408,99.305
5413,104.94399999999999
5414,101.14
5417,96.412
5418,97.98800000000001
5420,101.953
5421,91.28
5424,103.86699999999999
5425,114.33400000000002
5426,120.37299999999998
5429,103.574
5431,95.697
5437,105.338
5440,93.85149999999999
5444,102.41300000000001
5446,103.98499999999999
5447,104.18300000000002
5451,103.61300000000001
5452,100.68050000000002
5455,127.04400000000001
5456,103.872
5458,92.972
5459,107.729
5460,99.4245
5462,97.399
5463,106.68199999999999
5464,101.617
5465,102.566
5466,98.85899999999998
5467,103.97800000000002
5468,99.827
5469,101.021
5472,110.76699999999998
5474,107.67999999999999
5475,105.90979999999999
5476,106.021
5479,105.117
5480,123.76800000000003
5482,108.09849999999999
5485,96.36883333333336
5486,114.89699999999998
5488,86.763
5495,108.521
5496,103.89199999999998
5497,103.804
5499,107.66533333333334
5503,94.33999999999999
5504,93.18500000000003
5507,102.11700000000002
5509,117.80383333333332
5511,93.78485714285713
5512,106.40299999999999
5516,118.80300000000003
5517,104.63500000000002
5518,102.68050000000001
5521,90.77700000000002
5522,104.69099999999999
5527,101.84299999999999
5528,95.8895
5529,111.55900000000001
5532,104.24399999999999
5533,106.58300000000001
5535,100.498
5536,92.49600000000001
5540,107.7645
5547,113.44099999999999
5548,101.50828571428573
5550,77.7422
5551,96.54
5554,102.27199999999999
5555,107.0145
5559,98.497
5560,109.549
5561,98.48400000000001
5562,89.556
5563,105.40700000000001
5565,80.99400000000001
5566,100.953
5567,108.55710000000002
5568,92.518
5572,95.06699999999998
5574,102.06
5576,93.911
5579,107.58100000000002
5580,76.91699999999999
5581,106.981
5583,100.01038461538461
5584,114.63899999999998
5586,95.93466666666667
5587,93.33099999999999
5589,100.60900000000001
5591,95.8275
5592,93.98899999999999
5593,111.91
5594,91.78850000000001
5595,75.71666666666667
5596,118.14007142857145
5597,108.2539
5598,119.13450000000003
5599,93.75133333333332
5602,97.19900000000001
5603,91.78850000000001
5605,90.97800000000001
5607,92.81677777777779
5608,109.45000000000002
5609,103.171
5610,112.748
5612,99.81200000000001
5613,112.61899999999999
5614,91.03838461538462
5616,94.08
5621,94.91333333333333
5623,103.11949999999999
5628,110.52799999999999
5629,96.503
5631,103.95800000000001
5633,96.78200000000001
5638,104.75
5639,104.70400000000002
5640,103.07300000000001
5645,106.23799999999999
5646,79.182
5649,103.52799999999999
5653,108.051
5655,98.82300000000001
5656,104.00399999999999
5658,91.85700000000001
5662,122.19633333333334
5663,91.582
5667,95.46733333333334
5670,93.75133333333332
5671,101.49000000000001
5672,103.18300000000002
5673,105.005
5674,108.71599999999998
5675,108.977
5676,98.16966666666667
5679,123.12899999999999
5683,102.46300000000001
5687,93.9645
5688,79.48119999999999
5690,126.7405
5691,105.54
5692,99.09599999999999
5693,108.30999999999999
5694,93.554
5697,107.58099999999999
5698,98.17599999999997
5699,118.80300000000003
5704,110.25300000000001
5707,123.12899999999999
5709,109.256
5710,104.12100000000001
5714,103.38759999999999
5718,94.023
5721,111.679
5723,90.16938461538462
5724,113.11099999999999
5725,94.30700000000002
5726,105.029
5729,104.9315
5730,101.371
5731,109.76000000000002
5733,83.827
5736,96.93333333333334
5741,108.367
5745,103.39900000000003
5747,97.894
5748,139.21499999999997
5750,100.174
5751,100.64500000000001
5752,103.56199999999998
5754,97.2405
5755,97.285
5757,100.38341666666668
5758,120.60766666666669
5760,107.51000000000002
5762,102.09100000000002
5766,109.75399999999999
5768,104.89650000000002
5769,123.761
5770,94.814
5771,108.753
5772,95.5669
5773,94.853
5774,103.04199999999999
5776,93.037
5777,118.80300000000003
5778,107.125
5780,106.955
5782,97.47283333333333
5783,85.492
5784,102.96300000000001
5786,94.3605
5788,90.22999999999999
5789,107.05033333333333
5790,100.602
5791,108.50666666666666
5793,121.326
5794,106.779
5796,116.002
5797,105.21799999999999
5801,100.737
5803,93.9645
5804,100.446
5805,94.80199999999999
5806,80.29919999999998
5808,103.68700000000001
5813,112.00200000000002
5815,97.655
5816,108.915
5822,115.23799999999999
5823,118.80300000000003
5825,105.524
5827,111.458
5829,103.998
5830,104.349
5831,106.173
5832,93.16199999999999
5833,103.68700000000001
5837,109.80499999999999
5838,99.343
5839,98.825
5842,103.07300000000001
5844,108.881
5845,101.66600000000001
5846,111.91766666666665
5848,79.58599999999998
5850,112.93199999999999
5851,95.62800000000001
5853,104.89650000000002
5854,106.71100000000001
5858,103.07300000000001
5860,107.44300000000001
5864,99.70200000000001
5866,93.5455
5867,123.12899999999999
5868,97.46
5869,106.977
5870,95.633
5871,99.12899999999999
5874,100.694
5876,117.199
5877,92.348
5878,89.96938461538461
5879,107.70540000000001
5880,114.56379999999999
5884,94.35399999999998
5886,112.979
5890,100.18966666666665
5896,93.21374999999999
5897,101.47900000000001
5898,104.89650000000002
5901,113.12
5903,119.771
5906,112.748
5908,120.18400000000001
5909,116.672
5910,112.61899999999999
5911,106.965
5912,104.32950000000001
5914,100.694
5919,122.42600000000002
5924,90.708
5926,100.56400000000001
5929,95.71900000000001
5930,96.76654166666667
5932,94.684
5933,106.04299999999998
5934,98.268
5935,110.027
5936,109.833
5937,103.981
5938,106.922
5939,106.36999999999998
5942,101.42599999999999
5943,108.56899999999999
5944,124.98600000000002
5946,118.80300000000003
5951,98.913
5953,102.965
5954,109.228
5957,102.99300000000001
5961,99.32399999999998
5962,102.95800000000001
5964,78.828
5965,95.696
5968,98.84716666666668
5969,99.96600000000001
5974,113.43599999999999
5975,109.498
5978,78.306
5981,102.8175
5982,102.173
5983,96.62950000000001
5989,110.101
5991,106.00899999999997
5992,105.553
5995,103.03099999999999
5996,104.74179999999998
5997,107.04659999999998
5998,94.17038461538462
5999,76.974
6001,94.679
6002,94.45599999999999
6003,103.96999999999998
6004,109.228
6006,101.4115
6007,101.76899999999999
6011,100.28000000000002
6012,106.582
6014,110.35200000000002
6015,103.88866666666668
6016,93.985
6017,98.56599999999999
6018,104.444
6024,96.81291666666667
6025,122.00733333333335
6026,106.68699999999998
6028,105.21199999999999
6029,77.68749999999999
6030,115.69224999999999
6036,98.84716666666668
6040,99.352
6041,104.856
6042,102.77838461538462
6044,100.25300000000001
6045,108.521
6047,103.81944444444443
6048,98.119
6049,111.67225
6051,114.78600000000002
6052,99.3705
6053,92.73800000000001
6054,106.026
6058,105.22299999999998
6059,108.39500000000001
6062,104.253
6063,119.498
6064,106.73800000000001
6065,99.352
6067,100.77599999999998
6068,105.492
6070,103.15900000000002
6071,118.51700000000001
6072,114.33400000000002
6080,114.33400000000002
6081,107.31899999999999
6084,103.285
6087,98.416
6089,105.72200000000001
6092,114.33400000000002
6094,94.91199999999999
6095,116.60100000000003
6097,107.944
6100,93.16150000000002
6104,107.428
6105,105.131
6106,96.841
6107,77.22716666666668
6108,114.19499999999998
6109,114.33400000000002
6110,93.68900000000001
6114,114.33400000000002
6116,102.358
6117,106.00900000000001
6118,106.55199999999999
6123,84.63
6125,117.33099999999999
6128,110.86100000000002
6130,105.11100000000002
6132,94.14214285714286
6137,86.261
6139,106.91699999999999
6140,111.50900000000001
6141,112.83
6142,102.328
6144,95.10266666666666
6145,95.75899999999999
6146,103.127
6149,97.448
6156,93.91604166666664
6159,107.42124999999999
6160,111.50900000000001
6162,104.63199999999999
6164,94.16716666666665
6165,110.84
6168,86.576
6169,103.98700000000001
6170,95.708
6171,108.21200000000002
6172,92.698
6173,107.921
6176,102.95900000000002
6177,89.54674999999999
6178,99.902
6180,94.0375
6181,107.56000000000002
6182,99.18900000000001
6185,97.12
6186,103.05199999999999
6188,104.647
6189,98.376
6192,103.285
6193,97.036
6194,108.521
6195,91.652
6196,112.1472
6197,99.77449999999999
6201,103.951
6202,112.83099999999997
6203,109.50133333333333
6204,96.07300000000001
6207,109.5
6209,96.20349999999999
6210,94.58099999999999
6211,107.28699999999999
6213,99.22900000000001
6216,95.51750000000001
6217,107.165
6219,100.776
6222,80.38334615384613
6223,104.86699999999999
6235,102.11700000000002
6240,103.60963636363638
6242,100.71700000000001
6247,107.064
6251,110.079
6254,103.87950000000001
6255,96.64099999999999
6260,99.22500000000001
6261,108.675
6262,106.726
6264,99.166
6269,108.00899999999999
6271,106.14899999999997
6275,109.33700000000002
6276,97.02799999999999
6278,100.849
6279,103.08700000000002
6281,112.11773333333333
6284,94.292
6286,99.599
6287,80.148
6288,99.33666666666667
6292,93.94725
6293,97.94500000000001
6295,103.23999999999998
6298,101.8065
6300,105.76133333333333
6304,104.36928571428572
6308,102.25807142857143
6310,90.601
6312,114.33400000000002
6320,107.01400000000001
6324,90.176
6325,109.31500000000001
6330,94.82200000000002
6336,106.7618
6340,109.181
6341,102.11700000000002
6342,102.32200000000002
6344,94.122
6345,101.01450000000001
6347,103.15500000000002
6348,98.604
6349,101.8065
6351,77.949
6353,103.828
6354,97.55199999999999
6357,106.59550000000002
6358,98.16900000000001
6360,98.46199999999999
6363,112.65799999999999
6364,91.38550000000001
6368,110.51975
6370,95.04799999999999
6371,116.70500000000001
6377,100.68162499999998
6379,100.01000000000002
6381,97.486
6382,78.1455
6383,103.15500000000002
6388,104.117
6390,107.63500000000002
6392,104.33800000000001
6393,109.076
6395,99.24166666666666
6398,104.79199999999999
6401,81.73249999999999
6402,95.99900000000001
6403,114.296
6405,106.31000000000002
6406,91.32399999999998
6407,122.57400000000003
6409,104.375
6411,101.508
6413,113.0675
6416,107.627
6417,91.194
6418,97.93199999999999
6419,116.73800000000001
6420,110.07633333333334
6426,111.329
6429,98.48442857142858
6430,102.859
6431,114.296
6432,96.20349999999999
6434,94.76233333333334
6437,102.44228571428573
6438,92.22200000000001
6439,106.482
6440,107.91099999999999
6441,97.33533333333334
6442,114.33400000000002
6443,101.62899999999999
6445,102.03399999999999
6448,123.76800000000003
6450,107.027
6453,117.86139999999997
6455,93.86799999999998
6457,113.83500000000001
6458,107.46000000000001
6461,97.125
6464,112.5661
6467,94.51
6469,102.90800000000002
6470,81.83399999999999
6471,111.50900000000001
6473,105.77799999999999
6474,106.218
6479,96.364
6481,98.88766666666666
6484,110.731
6495,110.186
6496,97.215
6505,111.546
6506,103.497
6508,102.95900000000002
6509,97.924
6510,105.117
6512,104.38799999999999
6513,114.22
6514,102.82233333333333
6515,92.25633333333334
6519,90.944
6521,100.982
6523,77.96200000000002
6525,103.47066666666667
6526,100.72387499999999
6528,102.665
6529,108.35866666666668
6531,107.61699999999999
6533,103.152
6534,107.10766666666666
6535,119.44200000000001
6536,97.542
6537,101.74999999999999
6540,99.38399999999999
6541,103.15500000000002
6547,102.397875
6548,105.67900000000002
6551,99.534
6553,111.223
6555,103.285
6556,102.11700000000002
6561,82.655
6564,93.509
6565,119.44200000000001
6568,95.51700000000001
6569,114.33400000000002
6573,124.78899999999999
6574,96.511
6577,107.981
6579,112.65799999999999
6581,106.91000000000001
6582,112.995
6585,108.537
6586,92.899
6589,104.08699999999999
6590,77.05600000000001
6593,98.553
6594,108.51400000000001
6595,117.18699999999998
6599,97.29
6600,105.74300000000001
6601,111.59499999999998
6602,91.38550000000001
6603,123.76800000000003
6604,95.708
6607,106.369
6608,104.48899999999999
6609,96.04740000000001
6611,96.279
6613,114.33400000000002
6614,99.947
6616,97.3803846153846
6617,114.33400000000002
6618,109.228
6619,95.194
6621,103.285
6627,100.97916666666667
6629,108.43433333333334
6631,77.7025
6634,95.87806666666667
6636,110.84100000000001
6638,95.51700000000001
6639,114.33400000000002
6641,119.773
6642,96.28599999999999
6651,115.124
6654,80.441
6657,96.21799999999999
6663,92.84500000000001
6665,111.63799999999999
6666,108.28599999999999
6668,111.55499999999999
6669,105.15799999999999
6670,92.643
6671,99.49283333333332
6673,112.21549999999999
6675,93.99199999999999
6676,77.949
6677,99.90066666666668
6679,91.796
6680,96.827
6681,105.117
6685,108.521
6688,106.25500000000002
6689,117.923
6690,105.98599999999996
6692,114.33400000000002
6693,98.94200000000001
6694,96.324
6698,116.81775
6699,101.131
6700,103.006
6701,113.83500000000001
6702,101.167
6704,117.923
6707,108.81599999999999
6712,117.62899999999999
6713,101.213
6715,101.3965
6721,100.33200000000001
6722,100.776
6723,101.79000000000002
6724,92.66099999999999
6725,116.223
6731,100.77099999999999
6735,76.72933333333334
6736,98.85499999999999
6737,98.072
6738,95.80683333333334
6739,100.04
6741,92.24100000000001
6743,100.20500000000001
6745,111.55499999999999
6747,106.045
6749,108.503
6750,109.08300000000001
6751,122.6666666666667
6752,107.91599999999998
6753,114.33400000000002
6755,105.96400000000001
6756,108.657
6757,105.266
6759,106.38300000000001
6761,93.07638461538463
6763,111.50900000000001
6764,116.45475000000002
6765,101.57300000000001
6766,102.46399999999998
6768,101.4115
6771,117.923
6773,103.99600000000001
6774,99.23620000000001
6778,106.73899999999999
6779,99.161
6781,94.753
6784,112.23150000000003
6786,118.67599999999997
6787,104.46399999999998
6790,96.76
6793,107.001
6795,112.979
6798,106.768
6806,109.68700000000001
6807,98.184
6810,104.91099999999999
6815,96.80799999999999
6816,107.58099999999999
6817,110.66314285714286
6818,91.71199999999999
6819,108.62799999999997
6820,113.619
6822,93.94000000000001
6823,119.36000000000001
6824,103.68700000000001
6825,98.622
6828,77.71
6829,105.3652857142857
6831,105.668
6832,100.018
6833,108.154
6834,111.487
6836,106.17999999999999
6837,122.42600000000002
6838,93.596
6840,103.86500000000001
6843,92.86025000000001
6845,91.89000000000001
6846,92.705
6847,102.301
6851,110.09414285714286
6852,107.07180000000001
6853,108.17433333333334
6858,95.226
6861,106.096
6863,112.898
6864,81.96584615384616
6865,93.45500000000001
6866,116.63533333333335
6867,99.33099999999999
6868,107.444
6869,93.15700000000001
6870,103.68700000000001
6874,105.27600000000002
6875,103.301
6877,103.72760000000001
6878,94.62800000000001
6880,114.71999999999998
6883,97.43933333333332
6884,101.23850000000002
6886,97.16300000000001
6890,103.272
6893,104.47200000000001
6894,93.559
6899,103.72760000000001
6900,94.45400000000001
6904,117.19399999999999
6905,109.974
6906,95.905
6910,101.262
6912,104.53599999999999
6913,115.84166666666667
6920,102.82660000000001
6922,97.771
6923,112.979
6926,97.011
6927,102.979
6928,106.08399999999999
6931,121.22517647058824
6933,109.93300000000002
6936,101.304
6937,122.52800000000002
6939,96.11366666666666
6941,105.598
6942,105.752
6943,113.905
6944,111.43599999999999
6945,97.184
6946,98.44900000000001
6947,118.73999999999998
6949,103.35299999999998
6951,102.01599999999999
6953,101.95
6954,113.41139999999999
6955,98.21900000000001
6963,111.27966666666664
6964,99.03200000000001
6966,96.06899999999999
6968,94.985
6970,108.50666666666666
6972,110.72025
6976,112.412
6978,116.63533333333335
6981,110.072
6985,106.66399999999999
6986,97.564
6987,99.73033333333333
6989,99.46900000000001
6991,119.36000000000001
6993,99.765
6994,95.48599999999999
6995,103.5506
6996,103.37899999999999
6997,100.694
6998,81.43200000000002
7001,119.3144
7003,109.35900000000001
7006,100.97200000000001
7008,107.89099999999999
7010,94.659
7011,104.74433333333334
7012,108.48093749999998
7013,93.19699999999999
7014,112.41600000000001
7017,120.449
7018,112.043
7019,91.77
7023,101.71700000000001
7024,108.20899999999999
7025,98.89500000000001
7026,103.498
7027,100.83933333333333
7028,101.49300000000001
7030,112.979
7031,101.17299999999999
7033,103.975
7036,91.1
7037,96.12499999999999
7039,99.679
7044,97.797
7045,122.42600000000002
7046,105.85140000000001
7049,110.61066666666667
7050,109.697
7051,108.50666666666666
7054,123.25140000000002
7055,90.56500000000001
7057,110.481
7060,103.72760000000001
7061,104.89650000000002
7063,94.826
7064,105.72850000000001
7067,114.71999999999998
7071,94.308
7074,103.006
7075,103.88400000000001
7078,122.42600000000002
7079,117.82899999999998
7080,111.78099999999999
7081,92.4935
7082,119.771
7083,97.009
7085,108.338
7092,108.679
7094,100.252
7100,97.95033333333335
7101,106.70599999999999
7102,116.63533333333335
7104,105.441
7105,104.89650000000002
7106,108.984
7107,94.825
7108,79.36300000000001
7109,94.32300000000001
7110,122.52800000000002
7112,114.976
7113,104.72228571428573
7114,102.238
7116,115.99633333333335
7117,103.418
7118,95.83366666666667
7120,99.446
7121,102.41
7123,109.53699999999999
7124,100.706
7127,103.894
7131,106.006
7132,91.71199999999999
7133,94.90400000000001
7134,101.05000000000001
7135,118.054
7136,97.642
7137,97.934
7141,96.99199999999999
7144,106.05199999999999
7147,101.022
7148,98.57300000000001
7150,96.30600000000001
7151,99.446
7152,106.449
7154,101.774
7156,99.963
7157,103.58500000000001
7159,122.77799999999998
7161,99.916
7163,103.58399999999999
7164,106.03599999999999
7167,79.5915
7169,106.09099999999998
7170,89.6604
7173,100.725
7174,110.28599999999999
7177,100.27800000000002
7178,104.93299999999999
7179,102.465
7180,79.16066666666667
7181,103.4274
7182,95.83599999999998
7184,110.25300000000001
7185,102.16799999999999
7186,92.782
7187,113.4502
7188,93.29100000000001
7189,99.804
7191,104.2125
7193,118.39406666666666
7197,101.24100000000001
7199,103.167
7200,119.771
7201,118.054
7204,94.22700000000002
7207,110.33500000000001
7209,112.898
7210,97.78400000000002
7211,97.595
7213,89.763
7214,100.694
7216,100.694
7217,100.58399999999999
7220,102.9396
7224,112.979
7225,100.56999999999998
7226,100.694
7227,101.80099999999999
7234,102.16799999999999
7236,77.26166666666668
7239,109.66600000000001
7240,93.86999999999999
7242,107.804
7244,104.768
7245,101.56883333333334
7247,105.13899999999998
7248,97.92299999999999
7249,115.41199999999999
7250,93.96700000000001
7251,95.97035714285714
7252,99.86325
7253,81.96584615384616
7256,94.69433333333333
7260,111.487
7261,105.51966666666665
7264,104.853
7269,105.04599999999998
7270,99.30900000000001
7273,103.1366
7279,114.77799999999999
7281,103.39900000000003
7284,113.87817647058823
7285,98.166
7286,115.819
7287,93.977
7289,109.36600000000001
7292,101.504
7293,118.99000000000001
7296,104.9455
7297,105.628
7298,96.1536111111111
7299,105.832
7301,99.15400000000001
7304,104.18000000000002
7306,105.70599999999999
7308,109.36600000000001
7309,101.08900000000001
7312,98.798
7313,81.96584615384616
7314,95.716
7316,105.501
7319,111.04249999999999
7321,98.88899999999998
7323,103.03299999999999
7324,105.95000000000002
7325,102.042
7328,114.321
7330,79.9225
7334,103.55
7337,102.16799999999999
7338,106.2435
7339,94.662
7341,100.796
7342,98.82300000000001
7344,96.17049999999999
7345,99.65299999999999
7347,118.39406666666666
7349,103.39900000000003
7350,98.549
7353,98.77488888888888
7355,107.891
7356,96.11600000000001
7357,100.042
7358,93.22672222222221
7360,98.9
7363,114.54400000000001
7364,97.56366666666668
7366,106.822
7368,98.061
7369,106.045
7370,92.124
7373,108.80900000000001
7374,103.801
7375,103.293
7377,93.78
7379,90.96699999999998
7380,118.543
7382,107.80699999999999
7383,105.851
7385,102.13900000000001
7386,101.98049999999999
7391,92.76500000000001
7394,92.741
7396,93.96700000000001
7397,102.10466666666666
7399,95.41999999999999
7400,138.20499999999998
7403,83.269
7405,101.850875
7408,108.80199999999999
7414,109.86033333333333
7416,114.39500000000001
7417,104.11600000000001
7419,94.538
7420,99.31828571428571
7421,96.786
7422,92.376
7423,123.55999999999999
7425,77.05
7430,91.797
7432,98.11600000000001
7433,98.24300000000001
7434,104.80600000000001
7436,111.0145
7437,101.101
7438,101.825
7440,100.824
7441,105.19300000000001
7442,100.0
7445,111.58100000000002
7446,110.91299999999998
7448,100.807
7450,110.141
7451,105.505
7454,100.15066666666667
7455,94.45949999999999
7457,107.1635
7459,113.702
7462,103.75700000000002
7464,105.505
7465,106.03633333333335
7466,93.19666666666666
7467,102.34746666666665
7469,109.8824
7472,95.48599999999999
7473,112.979
7479,103.55
7480,103.00290000000003
7484,108.57000000000001
7491,104.939
7494,108.32399999999998
7495,99.70887499999999
7501,101.1548
7503,96.796
7504,104.35128571428572
7505,96.006
7508,105.886
7509,95.328
7510,81.96584615384616
7511,113.806
7515,105.55199999999999
7516,102.3666
7517,103.819
7518,103.61142857142859
7519,104.40600000000002
7521,98.522
7522,103.7675
7524,112.7056
7526,104.39400000000003
7527,93.16085714285715
7528,108.74000000000001
7529,100.765
7534,101.162
7537,105.451
7538,105.023
7540,96.6765
7541,107.174
7545,101.50828571428573
7551,114.231
7553,112.114
7554,108.896
7555,99.35923076923076
7561,107.09200000000001
7562,98.079
7564,98.55600000000001
7565,99.78966666666666
7566,93.39325714285715
7567,99.00824999999999
7569,101.662
7570,102.26000000000002
7571,116.57099999999998
7572,112.39399999999998
7574,100.51399999999998
7578,97.79433333333333
7579,92.272
7586,108.424
7587,82.87650000000001
7590,105.16600000000001
7593,112.979
7594,99.225
7595,93.39325714285715
7600,95.451
7601,76.8895
7602,115.7764
7603,99.395
7604,92.86800000000001
7606,99.83900000000001
7608,114.97766666666666
7613,84.796
7615,105.91399999999999
7616,110.02550000000001
7617,107.625
7618,93.16085714285715
7619,108.50666666666666
7622,106.31400000000001
7623,105.68199999999999
7624,103.940875
7625,103.8665
7626,119.125
7627,110.602
7628,79.98799999999999
7631,109.893
7632,108.50666666666666
7633,98.52333333333333
7634,102.457
7635,104.785
7636,100.694
7637,100.694
7639,96.07449999999999
7640,79.75619999999999
7644,122.43800000000002
7645,113.58939999999998
7648,133.41099999999997
7649,105.14123076923076
7650,103.68700000000001
7652,106.03633333333335
7653,116.65799999999999
7655,92.393
7659,101.81300000000002
7662,105.78900000000002
7664,103.499
7666,94.863
7668,96.50166666666667
7669,100.563
7670,92.123
7672,101.55
7673,106.5626
7678,92.046
7679,78.89984615384616
7680,107.018
7683,93.50700000000002
7685,115.819
7688,109.497
7690,109.819
7692,98.58599999999998
7693,92.18799999999999
7695,102.16799999999999
7696,101.506
7698,93.793
7699,101.795
7702,109.502
7703,100.694
7704,99.50623076923075
7707,113.806
7713,83.24100000000001
7715,92.78600000000002
7717,109.752
7718,94.013
7719,102.527
7721,105.90599999999999
7722,95.32477777777777
7725,112.26100000000001
7727,100.553
7730,78.81066666666666
7733,115.63499999999999
7735,103.947
7740,100.694
7741,105.18900000000001
7742,92.19900000000001
7744,108.69800000000001
7747,100.412
7750,77.25120000000001
7752,102.50600000000001
7754,101.47
7756,102.934
7757,109.707
7758,106.89604285714286
7760,107.018
7761,100.57300000000001
7763,112.952
7765,115.61200000000001
7767,100.694
7768,106.08600000000001
7771,100.341
7773,117.4
7774,97.16675
7776,98.42148888888889
7779,100.099
7783,101.032
7786,101.919
7787,100.5499
7789,98.99600000000001
7791,103.995
7793,101.42499999999998
7794,105.44966666666667
7795,95.43019999999999
7799,78.66099999999999
7800,115.085
7802,105.78099999999999
7805,112.64775
7807,100.37800000000001
7808,97.442
7811,103.35299999999998
7817,110.02550000000001
7818,108.50666666666666
7819,106.965
7822,95.23400000000001
7823,106.94800000000001
7825,103.39649999999999
7828,92.05600000000001
7832,111.487
7833,76.90099999999998
7834,110.34400000000001
7835,96.23875
7837,94.36100000000002
7840,98.76500000000001
7842,91.63138461538462
7843,98.441
7844,103.114
7846,100.57300000000001
7850,90.122
7853,118.80300000000003
7855,114.97766666666666
7858,102.53
7863,108.54700000000003
7865,122.42600000000002
7866,95.39233333333334
7868,92.136
7869,104.62300000000002
7871,78.65549999999999
7872,117.575
7874,101.3215
7877,98.32066666666667
7878,113.58939999999998
7879,97.655
7881,93.95349999999999
7883,104.39200000000001
7885,110.96400000000001
7886,112.114
7889,101.55600000000001
7890,102.032
7891,99.02
7893,101.9585
7894,107.69800000000001
7896,105.377
7898,101.00000000000001
7901,104.45599999999999
7902,118.51156666666665
7904,100.02700000000002
7905,97.542
7906,107.69200000000001
7909,113.18800000000002
7910,103.90799999999999
7913,103.644
7918,123.66300000000001
7919,118.054
7923,96.56899999999999
7925,102.29299999999998
7927,91.963
7930,109.835
7932,93.28185714285715
7933,99.63400000000001
7935,98.04700000000001
7939,102.01058333333333
7942,96.954
7943,106.4185
7945,106.90900000000002
7946,100.787
7948,105.83699999999999
7949,112.979
7950,92.85600000000001
7951,100.694
7955,103.59033333333332
7959,97.56366666666668
7960,100.694
7961,103.70599999999999
7962,107.17
7964,114.15799999999999
7965,93.93350000000001
7966,119.771
7967,102.58099999999999
7968,105.85099999999997
7971,106.181
7974,118.054
7976,108.881
7978,110.07600000000002
7982,100.694
7983,111.63500000000002
7984,108.62799999999997
7986,109.10499999999999
7989,112.979
7991,118.51156666666665
7992,91.959
7993,91.12
7994,116.63533333333335
7995,111.487
7997,106.48400000000001
7998,108.62799999999997
7999,110.02550000000001
8002,90.99491666666667
8007,102.11566666666667
8009,101.471
8011,104.45200000000003
8013,93.9976
8015,122.66100000000002
8017,102.826
8019,115.819
8023,113.248
8024,98.82300000000001
8026,98.887
8027,96.02483333333335
8029,103.58399999999999
8030,104.696
8031,106.43800000000002
8033,100.49100000000001
8035,104.10799999999999
8036,103.489
8039,112.579
8042,91.31833333333334
8044,117.24100000000001
8046,80.17150000000001
8048,116.383
8049,97.542
8050,139.48966666666666
8053,103.184
8054,116.63239999999999
8059,100.352
8061,93.63199999999999
8062,102.06479999999999
8064,96.801
8066,104.70700000000002
8067,94.844
8068,98.34799999999998
8070,102.99766666666667
8071,123.12899999999999
8072,92.08449999999998
8076,89.38899999999998
8080,100.50050000000002
8081,102.0694
8084,90.07050000000001
8087,109.52299999999998
8089,97.37299999999999
8090,122.44299999999998
8091,101.3749
8094,106.57800000000002
8100,94.61383333333335
8101,91.1516
8110,92.33000000000001
8111,118.51156666666665
8112,104.107
8115,104.296
8116,102.93050000000001
8118,96.801
8121,118.13600000000001
8125,105.86099999999999
8127,108.47966666666669
8128,97.26200000000001
8129,111.05406666666666
8131,99.965
8138,94.938
8139,108.97200000000001
8140,99.58
8141,117.4
8142,107.63699999999999
8143,105.52799999999999
8145,98.887
8146,95.0825
8148,112.898
8153,107.28599999999999
8154,95.61699999999999
8155,101.74833333333332
8161,93.00900000000003
8162,94.924
8163,95.328
8166,106.29550000000002
8168,104.97200000000001
8170,90.99100000000001
8172,118.11456666666666
8173,118.93699999999998
8176,134.868
8179,100.338
8181,96.04740000000001
8182,115.373
8184,111.468
8190,103.152
8191,101.75699999999999
8194,109.58924999999999
8196,99.5175
8198,106.99600000000001
8199,119.773
8201,97.424
8202,97.94500000000001
8207,95.89450000000001
8208,111.39166666666665
8211,109.55999999999999
8214,105.35050000000001
8217,101.74199999999999
8218,100.53316666666666
8222,98.76400000000001
8229,103.424
8231,96.59849999999999
8233,99.57500000000002
8236,103.71699999999998
8238,101.56828571428572
8240,102.16600000000001
8243,108.369
8246,113.175
8250,115.10699999999997
8254,95.251
8256,77.97149999999999
8257,113.047
8258,97.64733333333335
8260,107.86200000000001
8261,108.561
8263,112.16199999999999
8264,95.277
8267,102.71900000000001
8268,94.26833333333335
8271,89.95200000000001
8272,111.39166666666665
8275,96.87339999999999
8276,90.87233333333333
8277,108.881
8278,119.498
8279,93.27
8280,105.229
8281,111.79099999999998
8282,116.82279999999999
8287,101.4145
8288,118.93699999999998
8289,96.81728571428572
8294,101.90700000000001
8296,117.501
8299,106.71599999999998
8302,104.375
8308,105.48899999999999
8314,105.146
8315,91.83340000000001
8316,103.58800000000001
8317,98.54400000000001
8319,100.38999999999999
8320,95.112
8321,115.80633333333333
8323,99.479
8325,99.643
8326,113.81200000000001
8328,118.11456666666666
8330,110.256
8331,111.33
8332,105.49599999999998
8334,93.34299999999999
8338,97.2795
8339,109.862
8341,118.72566666666664
8345,119.44200000000001
8346,96.04740000000001
8347,107.48799999999999
8349,101.363
8351,92.2765
8352,105.70900000000002
8353,118.11456666666666
8355,116.80799999999999
8358,112.45249999999999
8359,108.46700000000001
8360,111.928
8361,113.64500000000001
8363,111.79599999999998
8364,98.626
8365,102.668
8366,105.117
8370,104.518
8372,96.57466666666667
8376,106.676
8377,109.37425
8379,105.89399999999998
8380,102.98108333333334
8381,97.138
8386,92.153
8388,91.599
8389,98.97000000000003
8391,101.226
8394,95.251
8396,108.326
8398,117.725
8400,104.63199999999999
8401,111.33
8404,118.72566666666664
8407,100.23025
8408,103.15500000000002
8409,114.5495
8410,106.013
8411,104.10499999999999
8413,92.52900000000001
8414,112.57199999999997
8416,101.53200000000001
